timestamp,space,model,n_eval,n_playlists,top1_mean,top1_std,top3_mean,top3_std,macro_f1_mean,nll_mean,ece_mean,fit_s,chosen
2026-10-04T10:24:45,E1b-k100,centroid,2427,26,40.9498,1.6028,62.5553,1.7623,0.3552,2.2348,0.1488,0.02,False
2026-10-04T10:24:45,E1b-k100,lda,2427,26,50.9258,1.0478,77.3917,2.8199,0.409,1.8954,0.1608,0.03,False
2026-10-04T10:24:45,E1b-k100,mahalanobis,2427,26,31.6794,1.3941,53.4074,1.1603,0.2522,2.3005,0.0819,0.08,False
2026-10-04T10:24:45,E1b-k100,knn10,2427,26,57.4391,1.5209,78.5022,1.4045,0.378,1.6007,0.0745,0.1,False
2026-10-04T10:24:45,E1b-k100,knn25,2427,26,56.9448,1.0211,79.2496,2.4931,0.351,1.6116,0.0887,0.09,True
2026-10-04T10:24:45,E1b-k100,label_spreading,2427,26,58.3507,1.909,78.9998,1.8616,0.3385,1.57,0.092,0.57,False
2026-10-04T11:21:32,E1b-k100,centroid,1777,23,49.7918,3.2295,71.436,2.3017,0.4087,1.8726,0.1833,0.01,False
2026-10-04T11:21:32,E1b-k100,lda,1777,23,55.3505,2.9623,77.5676,1.6702,0.4699,1.6408,0.1766,0.02,False
2026-10-04T11:21:32,E1b-k100,mahalanobis,1777,23,39.3287,3.8047,63.4057,3.4706,0.3032,1.9474,0.1463,0.06,False
2026-10-04T11:21:32,E1b-k100,knn10,1777,23,58.1656,2.6932,78.1415,2.4073,0.4298,1.5435,0.0916,0.05,False
2026-10-04T11:21:32,E1b-k100,knn25,1777,23,56.7538,2.6585,78.0998,3.0654,0.3736,1.5719,0.1048,0.06,False
2026-10-04T11:21:32,E1b-k100,label_spreading,1777,23,58.5444,1.7272,80.2285,2.7475,0.3964,1.5206,0.1329,0.35,True
