timestamp,run_id,data,model,n_songs,n_classes,top1_mean,top1_std,top3_mean,top3_std,macro_f1_mean,macro_f1_std,nll_mean,ece_mean,majority_top1,chance_top1,chance_top3,fit_s,git_hash,config
2026-10-09T21:09:10,S1,subset,markov,3294,14,22.28300867410847,0.7491357161319875,47.54514760966738,1.2170202087328523,0.09687225658933585,0.0036285776374471194,2.4068877410603693,0.08418193735908341,12.143290831815422,7.14285714285714,21.42857142857144,0.58,89e8b5b,"{""augment"": {""transpose"": true}, ""markov"": {""alpha"": 0.5, ""order"": 1, ""prior"": ""size"", ""sequences"": [""chords""], ""weights"": {""chords"": 1.0, ""drums"": 0.5, ""pitch_classes"": 0.5}}, ""model"": ""markov"", ""represent"": {""tau_chord"": 0.6, ""use_key_signature"": true}, ""run_id"": ""S1"", ""vector"": {""assignment_model"": ""A2"", ""blocks"": [""chord_trans"", ""pc_trans"", ""interval_hist"", ""drum_grid"", ""chroma_dft_mag"", ""scalars""], ""pca_k"": null}}"
2026-10-09T21:09:14,S2,subset,markov,3294,14,24.648239691674963,0.7651221600444247,48.87683826145654,0.6080810454258211,0.10911456356449267,0.0016393944897382462,2.3674430685429466,0.09169259983283214,12.143290831815422,7.14285714285714,21.42857142857144,2.63,89e8b5b,"{""augment"": {""transpose"": true}, ""markov"": {""alpha"": 0.5, ""order"": 1, ""prior"": ""size"", ""sequences"": [""chords"", ""pitch_classes"", ""drums""], ""weights"": {""chords"": 1.0, ""drums"": 0.5, ""pitch_classes"": 0.5}}, ""model"": ""markov"", ""represent"": {""tau_chord"": 0.6, ""use_key_signature"": true}, ""run_id"": ""S1"", ""vector"": {""assignment_model"": ""A2"", ""blocks"": [""chord_trans"", ""pc_trans"", ""interval_hist"", ""drum_grid"", ""chroma_dft_mag"", ""scalars""], ""pca_k"": null}}"
2026-10-09T21:09:18,S3,subset,markov,3294,14,26.291073545337802,0.3477839223782924,49.54600959856077,0.9138733207359634,0.1239017469532131,0.0033388226303872246,2.36813864550384,0.10966735430994609,12.143290831815422,7.14285714285714,21.42857142857144,2.79,89e8b5b,"{""augment"": {""transpose"": true}, ""markov"": {""alpha"": 1.0, ""order"": 2, ""prior"": ""size"", ""sequences"": [""chords"", ""pitch_classes"", ""drums""], ""weights"": {""chords"": 1.0, ""drums"": 0.5, ""pitch_classes"": 0.5}}, ""model"": ""markov"", ""represent"": {""tau_chord"": 0.6, ""use_key_signature"": true}, ""run_id"": ""S1"", ""vector"": {""assignment_model"": ""A2"", ""blocks"": [""chord_trans"", ""pc_trans"", ""interval_hist"", ""drum_grid"", ""chroma_dft_mag"", ""scalars""], ""pca_k"": null}}"
2026-10-09T21:09:25,S4-A0,subset,vector,3294,14,24.288691678818612,0.8073274475415985,46.90623974902742,0.8119724903573993,0.21043243497927383,0.009759784180610166,2.396315999535638,0.05105548457704965,12.143290831815422,7.14285714285714,21.42857142857144,5.47,89e8b5b,"{""augment"": {""transpose"": true}, ""markov"": {""alpha"": 0.5, ""order"": 1, ""prior"": ""size"", ""sequences"": [""chords""], ""weights"": {""chords"": 1.0, ""drums"": 0.5, ""pitch_classes"": 0.5}}, ""model"": ""vector"", ""represent"": {""tau_chord"": 0.6, ""use_key_signature"": true}, ""run_id"": ""S1"", ""vector"": {""assignment_model"": ""A0"", ""blocks"": [""chord_trans"", ""pc_trans"", ""interval_hist"", ""drum_grid"", ""chroma_dft_mag"", ""scalars""], ""pca_k"": null}}"
2026-10-09T21:09:38,S4-A2,subset,vector,3294,14,23.62368553999253,1.8506704737447974,46.327211427613676,0.9187053836842541,0.20621447319379088,0.018785155636777046,2.4150400070876854,0.06886656037099488,12.143290831815422,7.14285714285714,21.42857142857144,12.18,89e8b5b,"{""augment"": {""transpose"": true}, ""markov"": {""alpha"": 0.5, ""order"": 1, ""prior"": ""size"", ""sequences"": [""chords""], ""weights"": {""chords"": 1.0, ""drums"": 0.5, ""pitch_classes"": 0.5}}, ""model"": ""vector"", ""represent"": {""tau_chord"": 0.6, ""use_key_signature"": true}, ""run_id"": ""S1"", ""vector"": {""assignment_model"": ""A2"", ""blocks"": [""chord_trans"", ""pc_trans"", ""interval_hist"", ""drum_grid"", ""chroma_dft_mag"", ""scalars""], ""pca_k"": null}}"
2026-10-09T21:09:45,S4-A3,subset,vector,3294,14,25.597094882075435,1.7174955205711278,45.447141472383414,1.3853920134811455,0.2101547843588903,0.018631280359772094,2.417761430841396,0.03812968459700553,12.143290831815422,7.14285714285714,21.42857142857144,5.5,89e8b5b,"{""augment"": {""transpose"": true}, ""markov"": {""alpha"": 0.5, ""order"": 1, ""prior"": ""size"", ""sequences"": [""chords""], ""weights"": {""chords"": 1.0, ""drums"": 0.5, ""pitch_classes"": 0.5}}, ""model"": ""vector"", ""represent"": {""tau_chord"": 0.6, ""use_key_signature"": true}, ""run_id"": ""S1"", ""vector"": {""assignment_model"": ""A3"", ""blocks"": [""chord_trans"", ""pc_trans"", ""interval_hist"", ""drum_grid"", ""chroma_dft_mag"", ""scalars""], ""pca_k"": null}}"
2026-10-09T21:09:47,S5-A2-noaug,subset,vector,3294,14,23.5309726979793,1.2586001684433066,46.3556771440606,0.9654141045597819,0.20528487993210293,0.013249702646575675,2.402281166804104,0.0686048200329267,12.143290831815422,7.14285714285714,21.42857142857144,1.0,89e8b5b,"{""augment"": {""transpose"": false}, ""markov"": {""alpha"": 0.5, ""order"": 1, ""prior"": ""size"", ""sequences"": [""chords""], ""weights"": {""chords"": 1.0, ""drums"": 0.5, ""pitch_classes"": 0.5}}, ""model"": ""vector"", ""represent"": {""tau_chord"": 0.6, ""use_key_signature"": true}, ""run_id"": ""S1"", ""vector"": {""assignment_model"": ""A2"", ""blocks"": [""chord_trans"", ""pc_trans"", ""interval_hist"", ""drum_grid"", ""chroma_dft_mag"", ""scalars""], ""pca_k"": null}}"
2026-10-09T21:28:41,S1,subset,markov,3294,14,22.374833696411212,0.8237045943768481,47.271818366573825,1.0545005655941342,0.09896841411297022,0.0025579994782796286,2.409098418290216,0.08494243307279241,12.143290831815422,7.14285714285714,21.42857142857144,0.96,89e8b5b,"{""augment"": {""transpose"": true}, ""markov"": {""alpha"": 0.5, ""order"": 1, ""prior"": ""size"", ""sequences"": [""chords""], ""weights"": {""chords"": 1.0, ""drums"": 0.5, ""pitch_classes"": 0.5}}, ""model"": ""markov"", ""represent"": {""tau_chord"": 0.6, ""use_key_signature"": true}, ""run_id"": ""S1"", ""vector"": {""assignment_model"": ""A2"", ""blocks"": [""chord_trans"", ""pc_trans"", ""interval_hist"", ""drum_grid"", ""chroma_dft_mag"", ""scalars""], ""pca_k"": null}}"
2026-10-09T21:28:46,S2,subset,markov,3294,14,24.678867979069608,0.8522688203739506,48.60479743537974,0.3583752333170621,0.11106296643251283,0.0028985189874148605,2.3714105837511785,0.09240167312541957,12.143290831815422,7.14285714285714,21.42857142857144,3.65,89e8b5b,"{""augment"": {""transpose"": true}, ""markov"": {""alpha"": 0.5, ""order"": 1, ""prior"": ""size"", ""sequences"": [""chords"", ""pitch_classes"", ""drums""], ""weights"": {""chords"": 1.0, ""drums"": 0.5, ""pitch_classes"": 0.5}}, ""model"": ""markov"", ""represent"": {""tau_chord"": 0.6, ""use_key_signature"": true}, ""run_id"": ""S1"", ""vector"": {""assignment_model"": ""A2"", ""blocks"": [""chord_trans"", ""pc_trans"", ""interval_hist"", ""drum_grid"", ""chroma_dft_mag"", ""scalars""], ""pca_k"": null}}"
2026-10-09T21:28:51,S3,subset,markov,3294,14,26.048744357299437,0.6404846259873487,49.88100242413779,0.8806951761205818,0.12326586524262377,0.004615660135764233,2.365612940276205,0.10599471045578582,12.143290831815422,7.14285714285714,21.42857142857144,3.09,89e8b5b,"{""augment"": {""transpose"": true}, ""markov"": {""alpha"": 1.0, ""order"": 2, ""prior"": ""size"", ""sequences"": [""chords"", ""pitch_classes"", ""drums""], ""weights"": {""chords"": 1.0, ""drums"": 0.5, ""pitch_classes"": 0.5}}, ""model"": ""markov"", ""represent"": {""tau_chord"": 0.6, ""use_key_signature"": true}, ""run_id"": ""S1"", ""vector"": {""assignment_model"": ""A2"", ""blocks"": [""chord_trans"", ""pc_trans"", ""interval_hist"", ""drum_grid"", ""chroma_dft_mag"", ""scalars""], ""pca_k"": null}}"
2026-10-09T21:28:58,S4-A0,subset,vector,3294,14,25.049365722720474,1.6329660535041635,48.24562233384913,1.8710496715647704,0.21730085429717466,0.019090059025668214,2.381481531604702,0.049980665920645526,12.143290831815422,7.14285714285714,21.42857142857144,5.46,89e8b5b,"{""augment"": {""transpose"": true}, ""markov"": {""alpha"": 0.5, ""order"": 1, ""prior"": ""size"", ""sequences"": [""chords""], ""weights"": {""chords"": 1.0, ""drums"": 0.5, ""pitch_classes"": 0.5}}, ""model"": ""vector"", ""represent"": {""tau_chord"": 0.6, ""use_key_signature"": true}, ""run_id"": ""S1"", ""vector"": {""assignment_model"": ""A0"", ""blocks"": [""chord_trans"", ""pc_trans"", ""interval_hist"", ""drum_grid"", ""chroma_dft_mag"", ""scalars""], ""pca_k"": null}}"
2026-10-09T21:29:14,S4-A2,subset,vector,3294,14,24.046143603266138,1.0642556307159168,46.78079116817262,1.0996493617122645,0.21386678316284766,0.01339387467825223,2.4243253403125395,0.08061795676167335,12.143290831815422,7.14285714285714,21.42857142857144,14.92,89e8b5b,"{""augment"": {""transpose"": true}, ""markov"": {""alpha"": 0.5, ""order"": 1, ""prior"": ""size"", ""sequences"": [""chords""], ""weights"": {""chords"": 1.0, ""drums"": 0.5, ""pitch_classes"": 0.5}}, ""model"": ""vector"", ""represent"": {""tau_chord"": 0.6, ""use_key_signature"": true}, ""run_id"": ""S1"", ""vector"": {""assignment_model"": ""A2"", ""blocks"": [""chord_trans"", ""pc_trans"", ""interval_hist"", ""drum_grid"", ""chroma_dft_mag"", ""scalars""], ""pca_k"": null}}"
2026-10-09T21:29:23,S4-A3,subset,vector,3294,14,25.53253413872229,1.838396186763213,45.38222123580321,2.6970122978384357,0.21090562818584796,0.018140026819449456,2.417831109981866,0.036988887945009305,12.143290831815422,7.14285714285714,21.42857142857144,7.29,89e8b5b,"{""augment"": {""transpose"": true}, ""markov"": {""alpha"": 0.5, ""order"": 1, ""prior"": ""size"", ""sequences"": [""chords""], ""weights"": {""chords"": 1.0, ""drums"": 0.5, ""pitch_classes"": 0.5}}, ""model"": ""vector"", ""represent"": {""tau_chord"": 0.6, ""use_key_signature"": true}, ""run_id"": ""S1"", ""vector"": {""assignment_model"": ""A3"", ""blocks"": [""chord_trans"", ""pc_trans"", ""interval_hist"", ""drum_grid"", ""chroma_dft_mag"", ""scalars""], ""pca_k"": null}}"
2026-10-09T21:29:26,S5-A2-noaug,subset,vector,3294,14,24.34802608866834,0.6693552805080993,46.78374369622394,0.8224046651529281,0.2146440764729805,0.009706533245363112,2.4080637223575474,0.07461420528743348,12.143290831815422,7.14285714285714,21.42857142857144,1.19,89e8b5b,"{""augment"": {""transpose"": false}, ""markov"": {""alpha"": 0.5, ""order"": 1, ""prior"": ""size"", ""sequences"": [""chords""], ""weights"": {""chords"": 1.0, ""drums"": 0.5, ""pitch_classes"": 0.5}}, ""model"": ""vector"", ""represent"": {""tau_chord"": 0.6, ""use_key_signature"": true}, ""run_id"": ""S1"", ""vector"": {""assignment_model"": ""A2"", ""blocks"": [""chord_trans"", ""pc_trans"", ""interval_hist"", ""drum_grid"", ""chroma_dft_mag"", ""scalars""], ""pca_k"": null}}"
2026-10-09T21:32:11,S1,subset,markov,3294,14,22.28780145760239,1.3041461792548361,45.42100100221295,1.8407162272356437,0.1811367712285856,0.016990316090425017,2.4044030834838814,0.05625178678421501,12.143290831815422,7.14285714285714,21.42857142857144,0.81,89e8b5b,"{""augment"": {""transpose"": true}, ""markov"": {""alpha"": 0.5, ""order"": 1, ""prior"": ""uniform"", ""sequences"": [""chords""], ""weights"": {""chords"": 1.0, ""drums"": 0.5, ""pitch_classes"": 0.5}}, ""model"": ""markov"", ""represent"": {""tau_chord"": 0.6, ""use_key_signature"": true}, ""run_id"": ""S1"", ""vector"": {""assignment_model"": ""A2"", ""blocks"": [""chord_trans"", ""pc_trans"", ""interval_hist"", ""drum_grid"", ""chroma_dft_mag"", ""scalars""], ""pca_k"": null}}"
2026-10-09T21:32:20,S2,subset,markov,3294,14,26.19725792245726,1.3057177098322639,48.422970054080054,1.1583931189079606,0.20676082217779695,0.01737575352868319,2.332458023236003,0.055638521280590394,12.143290831815422,7.14285714285714,21.42857142857144,7.53,89e8b5b,"{""augment"": {""transpose"": true}, ""markov"": {""alpha"": 0.5, ""order"": 1, ""prior"": ""uniform"", ""sequences"": [""chords"", ""pitch_classes"", ""drums""], ""weights"": {""chords"": 1.0, ""drums"": 0.5, ""pitch_classes"": 0.5}}, ""model"": ""markov"", ""represent"": {""tau_chord"": 0.6, ""use_key_signature"": true}, ""run_id"": ""S1"", ""vector"": {""assignment_model"": ""A2"", ""blocks"": [""chord_trans"", ""pc_trans"", ""interval_hist"", ""drum_grid"", ""chroma_dft_mag"", ""scalars""], ""pca_k"": null}}"
2026-10-09T21:32:29,S3,subset,markov,3294,14,29.543070973667472,1.1713419361677162,55.89012048579409,1.3190537149252703,0.2270935086069243,0.014758281987535283,2.254864530656877,0.07037760519166103,12.143290831815422,7.14285714285714,21.42857142857144,7.1,89e8b5b,"{""augment"": {""transpose"": true}, ""markov"": {""alpha"": 1.0, ""order"": 2, ""prior"": ""uniform"", ""sequences"": [""chords"", ""pitch_classes"", ""drums""], ""weights"": {""chords"": 1.0, ""drums"": 0.5, ""pitch_classes"": 0.5}}, ""model"": ""markov"", ""represent"": {""tau_chord"": 0.6, ""use_key_signature"": true}, ""run_id"": ""S1"", ""vector"": {""assignment_model"": ""A2"", ""blocks"": [""chord_trans"", ""pc_trans"", ""interval_hist"", ""drum_grid"", ""chroma_dft_mag"", ""scalars""], ""pca_k"": null}}"
2026-10-09T21:32:45,S4-A0,subset,vector,3294,14,25.049365722720474,1.6329660535041635,48.24562233384913,1.8710496715647704,0.21730085429717466,0.019090059025668214,2.381481531604702,0.049980665920645526,12.143290831815422,7.14285714285714,21.42857142857144,11.21,89e8b5b,"{""augment"": {""transpose"": true}, ""markov"": {""alpha"": 0.5, ""order"": 1, ""prior"": ""uniform"", ""sequences"": [""chords""], ""weights"": {""chords"": 1.0, ""drums"": 0.5, ""pitch_classes"": 0.5}}, ""model"": ""vector"", ""represent"": {""tau_chord"": 0.6, ""use_key_signature"": true}, ""run_id"": ""S1"", ""vector"": {""assignment_model"": ""A0"", ""blocks"": [""chord_trans"", ""pc_trans"", ""interval_hist"", ""drum_grid"", ""chroma_dft_mag"", ""scalars""], ""pca_k"": null}}"
2026-10-09T21:33:15,S4-A2,subset,vector,3294,14,24.046143603266138,1.0642556307159168,46.78079116817262,1.0996493617122645,0.21386678316284766,0.01339387467825223,2.4243253403125395,0.08061795676167335,12.143290831815422,7.14285714285714,21.42857142857144,26.42,89e8b5b,"{""augment"": {""transpose"": true}, ""markov"": {""alpha"": 0.5, ""order"": 1, ""prior"": ""uniform"", ""sequences"": [""chords""], ""weights"": {""chords"": 1.0, ""drums"": 0.5, ""pitch_classes"": 0.5}}, ""model"": ""vector"", ""represent"": {""tau_chord"": 0.6, ""use_key_signature"": true}, ""run_id"": ""S1"", ""vector"": {""assignment_model"": ""A2"", ""blocks"": [""chord_trans"", ""pc_trans"", ""interval_hist"", ""drum_grid"", ""chroma_dft_mag"", ""scalars""], ""pca_k"": null}}"
2026-10-09T21:33:27,S4-A3,subset,vector,3294,14,25.53253413872229,1.838396186763213,45.38222123580321,2.6970122978384357,0.21090562818584796,0.018140026819449456,2.417831109981866,0.036988887945009305,12.143290831815422,7.14285714285714,21.42857142857144,10.72,89e8b5b,"{""augment"": {""transpose"": true}, ""markov"": {""alpha"": 0.5, ""order"": 1, ""prior"": ""uniform"", ""sequences"": [""chords""], ""weights"": {""chords"": 1.0, ""drums"": 0.5, ""pitch_classes"": 0.5}}, ""model"": ""vector"", ""represent"": {""tau_chord"": 0.6, ""use_key_signature"": true}, ""run_id"": ""S1"", ""vector"": {""assignment_model"": ""A3"", ""blocks"": [""chord_trans"", ""pc_trans"", ""interval_hist"", ""drum_grid"", ""chroma_dft_mag"", ""scalars""], ""pca_k"": null}}"
2026-10-09T21:33:31,S5-A2-noaug,subset,vector,3294,14,24.34802608866834,0.6693552805080993,46.78374369622394,0.8224046651529281,0.2146440764729805,0.009706533245363112,2.4080637223575474,0.07461420528743348,12.143290831815422,7.14285714285714,21.42857142857144,1.49,89e8b5b,"{""augment"": {""transpose"": false}, ""markov"": {""alpha"": 0.5, ""order"": 1, ""prior"": ""uniform"", ""sequences"": [""chords""], ""weights"": {""chords"": 1.0, ""drums"": 0.5, ""pitch_classes"": 0.5}}, ""model"": ""vector"", ""represent"": {""tau_chord"": 0.6, ""use_key_signature"": true}, ""run_id"": ""S1"", ""vector"": {""assignment_model"": ""A2"", ""blocks"": [""chord_trans"", ""pc_trans"", ""interval_hist"", ""drum_grid"", ""chroma_dft_mag"", ""scalars""], ""pca_k"": null}}"
